{"name":"About Jeebon Anowar.","tagline":"This repository is developed and design by Jeebon. Also going for own BIO page. Thanks for visiting.","body":"### About me.\r\nI am Anowar Hossain Jeebon live in Dhaka. My home dristrict is pabna.\r\n\r\n### My work's skill\r\nBasically i am working on Web based application by using Open source language like PHP. Also i have little knowledge on UX.\r\nSometime i work on Cross Platform based mobile app like Phonegap.\r\n\r\n\r\n","google":"","note":"Don't delete this file! It's used internally to help with page regeneration."}